{"stats":{"minecraft:used":{"minecraft:dirt":1},"minecraft:custom":{"minecraft:jump":64,"minecraft:time_since_rest":1886,"minecraft:leave_game":1,"minecraft:damage_dealt":160,"minecraft:sprint_one_cm":16322,"minecraft:play_time":1886,"minecraft:damage_taken":135,"minecraft:time_since_death":1886,"minecraft:walk_one_cm":8854,"minecraft:total_world_time":1886,"minecraft:mob_kills":1,"minecraft:fall_one_cm":1283,"minecraft:fly_one_cm":11768},"minecraft:mined":{"minecraft:grass":4,"minecraft:grass_block":1},"minecraft:killed":{"minecraft:spider":1},"minecraft:picked_up":{"minecraft:string":2,"minecraft:dirt":1}},"DataVersion":3465}