{"stats":{"minecraft:used":{"minecraft:dirt":18,"minecraft:string":2,"minecraft:snowball":24},"minecraft:mined":{"minecraft:grass":4,"minecraft:grass_block":3,"minecraft:tripwire":2},"minecraft:killed_by":{"minecraft:stray":1},"minecraft:killed":{"minecraft:spider":1},"minecraft:custom":{"minecraft:time_since_rest":9705,"minecraft:sprint_one_cm":22624,"minecraft:play_time":12094,"minecraft:deaths":1,"minecraft:damage_taken":365,"minecraft:walk_one_cm":18045,"minecraft:sneak_time":16,"minecraft:mob_kills":1,"minecraft:jump":87,"minecraft:damage_dealt":160,"minecraft:leave_game":7,"minecraft:time_since_death":9673,"minecraft:total_world_time":12094,"minecraft:fall_one_cm":1283,"minecraft:fly_one_cm":16002},"minecraft:picked_up":{"minecraft:dirt":18,"minecraft:snowball":24,"minecraft:string":4}},"DataVersion":3465}