{"stats":{"minecraft:used":{"minecraft:dirt":40,"minecraft:string":2,"minecraft:snowball":24},"minecraft:killed":{"minecraft:spider":1},"minecraft:killed_by":{"minecraft:stray":2},"minecraft:custom":{"minecraft:time_since_rest":1287,"minecraft:crouch_one_cm":468,"minecraft:sprint_one_cm":28063,"minecraft:play_time":16582,"minecraft:deaths":2,"minecraft:damage_taken":585,"minecraft:walk_one_cm":24902,"minecraft:sneak_time":101,"minecraft:mob_kills":1,"minecraft:jump":174,"minecraft:damage_dealt":160,"minecraft:leave_game":9,"minecraft:time_since_death":1256,"minecraft:total_world_time":16582,"minecraft:fall_one_cm":6750,"minecraft:fly_one_cm":27198},"minecraft:mined":{"minecraft:grass":4,"minecraft:grass_block":7,"minecraft:dirt":9,"minecraft:tripwire":2},"minecraft:picked_up":{"minecraft:dirt":56,"minecraft:snowball":24,"minecraft:string":4}},"DataVersion":3465}