{"stats":{"minecraft:used":{"iceandfire:spawn_egg_amphithere":1,"iceandfire:silver_sword":2,"iceandfire:spawn_egg_ice_dragon":2,"iceandfire:spawn_egg_myrmex_worker":1,"iceandfire:spawn_egg_gorgon":1,"iceandfire:spawn_egg_lich":1,"iceandfire:spawn_egg_siren":1,"iceandfire:spawn_egg_dread_scuttler":1,"iceandfire:spawn_egg_myrmex_sentinel":1,"iceandfire:dragonegg_bronze":1,"iceandfire:spawn_egg_dread_thrall":1,"iceandfire:spawn_egg_pixie":1,"iceandfire:dragonegg_blue":2,"iceandfire:spawn_egg_dread_beast":1,"iceandfire:spawn_egg_fire_dragon":2,"iceandfire:spawn_egg_hippocampus":1,"iceandfire:dragonegg_green":3,"iceandfire:spawn_egg_death_worm":1,"iceandfire:myrmex_desert_egg":1,"iceandfire:spawn_egg_sea_serpent":1,"iceandfire:spawn_egg_dread_ghoul":1,"iceandfire:spawn_egg_stymphalian_bird":1,"iceandfire:spawn_egg_troll":1,"iceandfire:spawn_egg_myrmex_royal":1,"iceandfire:spawn_egg_cyclops":1,"iceandfire:spawn_egg_myrmex_queen":1,"iceandfire:spawn_egg_myrmex_soldier":1,"iceandfire:spawn_egg_cockatrice":1,"iceandfire:spawn_egg_lightning_dragon":3,"iceandfire:spawn_egg_dread_knight":1,"iceandfire:spawn_egg_hippogryph":2,"iceandfire:dragonegg_red":3,"iceandfire:spawn_egg_dread_horse":1},"minecraft:custom":{"minecraft:mob_kills":39,"minecraft:leave_game":2,"minecraft:time_since_death":22924,"minecraft:time_since_rest":22924,"minecraft:sprint_one_cm":4555,"minecraft:walk_one_cm":34275,"minecraft:damage_dealt":24913,"minecraft:fly_one_cm":116564,"minecraft:crouch_one_cm":1479,"minecraft:play_time":22924,"minecraft:sneak_time":539,"minecraft:jump":34,"minecraft:total_world_time":22924,"minecraft:fall_one_cm":209},"minecraft:mined":{"minecraft:grass_block":1,"minecraft:grass":1},"minecraft:picked_up":{"iceandfire:dragonegg_green":3,"minecraft:feather":1,"minecraft:leather":9,"iceandfire:myrmex_jungle_chitin":10,"minecraft:oak_log":2,"minecraft:dirt":1,"minecraft:bone":4,"minecraft:apple":1,"iceandfire:myrmex_jungle_resin":9,"minecraft:iron_ingot":4,"minecraft:cooked_chicken":2,"iceandfire:dread_shard":3,"minecraft:light_gray_wool":1,"iceandfire:pixie_dust":1,"minecraft:stick":1,"minecraft:dandelion":2,"iceandfire:shiny_scales":3,"iceandfire:stymphalian_bird_feather":10,"iceandfire:deathworm_chitin_white":5,"minecraft:prismarine_crystals":1,"minecraft:spider_eye":1,"iceandfire:dragonegg_red":3,"iceandfire:cyclops_eye":1,"minecraft:rotten_flesh":6,"iceandfire:dragonegg_bronze":1,"iceandfire:deathworm_chitin_yellow":3,"iceandfire:dragonegg_blue":2,"iceandfire:myrmex_desert_egg":1,"iceandfire:myrmex_desert_chitin":1,"iceandfire:gorgon_head":1,"minecraft:mutton":6,"minecraft:white_wool":4},"minecraft:killed":{"iceandfire:hippocampus":1,"iceandfire:myrmex_worker":2,"iceandfire:hippogryph":5,"iceandfire:cyclops":1,"iceandfire:amphithere":1,"iceandfire:gorgon":1,"iceandfire:dread_beast":1,"iceandfire:stymphalian_bird":1,"iceandfire:cockatrice":1,"minecraft:sheep":1,"iceandfire:dread_knight":1,"iceandfire:dread_thrall":1,"iceandfire:dread_lich":1,"iceandfire:myrmex_soldier":1,"iceandfire:dread_horse":1,"iceandfire:fire_dragon":2,"iceandfire:siren":1,"iceandfire:myrmex_royal":1,"iceandfire:ice_dragon":2,"iceandfire:dread_ghoul":1,"iceandfire:pixie":1,"iceandfire:lightning_dragon":3,"iceandfire:deathworm":3,"iceandfire:stone_statue":1,"iceandfire:dread_scuttler":2,"iceandfire:myrmex_sentinel":1,"iceandfire:sea_serpent":1}},"DataVersion":3465}