{"stats":{"minecraft:used":{"iceandfire:spawn_egg_amphithere":1,"iceandfire:spawn_egg_ice_dragon":2,"iceandfire:silver_sword":2,"aquamirae:maw_spawn_egg":1,"iceandfire:spawn_egg_myrmex_worker":1,"iceandfire:spawn_egg_gorgon":1,"aquamirae:eel_spawn_egg":2,"minecraft:iron_sword":14,"iceandfire:spawn_egg_lich":1,"iceandfire:spawn_egg_siren":1,"iceandfire:spawn_egg_dread_scuttler":1,"iceandfire:spawn_egg_myrmex_sentinel":1,"iceandfire:dragonegg_bronze":1,"iceandfire:spawn_egg_dread_thrall":1,"iceandfire:spawn_egg_pixie":1,"aquamirae:spinefish_spawn_egg":1,"aquamirae:tortured_soul_spawn_egg":1,"iceandfire:dragonegg_blue":2,"iceandfire:spawn_egg_dread_beast":1,"aquamirae:captain_cornelia_spawn_egg":1,"iceandfire:spawn_egg_fire_dragon":2,"iceandfire:spawn_egg_hippocampus":1,"iceandfire:dragonegg_green":3,"aquamirae:pillagers_patrol_spawn_egg":1,"iceandfire:spawn_egg_death_worm":1,"iceandfire:myrmex_desert_egg":1,"iceandfire:spawn_egg_sea_serpent":1,"iceandfire:spawn_egg_dread_ghoul":1,"aquamirae:anglerfish_spawn_egg":1,"iceandfire:spawn_egg_stymphalian_bird":1,"aquamirae:maze_mother_spawn_egg":1,"iceandfire:spawn_egg_myrmex_royal":1,"iceandfire:spawn_egg_troll":1,"iceandfire:spawn_egg_cyclops":1,"iceandfire:spawn_egg_myrmex_queen":1,"iceandfire:spawn_egg_myrmex_soldier":1,"iceandfire:spawn_egg_cockatrice":1,"iceandfire:spawn_egg_lightning_dragon":3,"iceandfire:spawn_egg_dread_knight":1,"iceandfire:spawn_egg_hippogryph":2,"iceandfire:dragonegg_red":3,"iceandfire:spawn_egg_dread_horse":1},"minecraft:picked_up":{"iceandfire:dragonegg_green":3,"minecraft:feather":1,"minecraft:leather":9,"aquamirae:spinefish":4,"minecraft:filled_map":1,"aquamirae:three_bolt_helmet":1,"iceandfire:myrmex_jungle_chitin":10,"minecraft:oak_log":2,"minecraft:dirt":1,"aquamirae:fin":5,"minecraft:bone":4,"minecraft:apple":1,"iceandfire:myrmex_jungle_resin":9,"minecraft:iron_ingot":4,"minecraft:cooked_chicken":2,"iceandfire:dread_shard":3,"minecraft:light_gray_wool":1,"aquamirae:frozen_key":1,"iceandfire:pixie_dust":1,"minecraft:stick":1,"aquamirae:ship_graveyard_echo":5,"minecraft:copper_ingot":1,"minecraft:dandelion":2,"iceandfire:shiny_scales":3,"iceandfire:stymphalian_bird_feather":10,"iceandfire:deathworm_chitin_white":5,"minecraft:prismarine_crystals":1,"minecraft:spider_eye":1,"iceandfire:dragonegg_red":3,"iceandfire:cyclops_eye":1,"minecraft:rotten_flesh":7,"iceandfire:dragonegg_bronze":1,"iceandfire:deathworm_chitin_yellow":3,"iceandfire:dragonegg_blue":2,"iceandfire:myrmex_desert_egg":1,"iceandfire:myrmex_desert_chitin":1,"aquamirae:treasure_pouch":7,"iceandfire:gorgon_head":1,"minecraft:mutton":6,"minecraft:white_wool":4},"minecraft:mined":{"minecraft:grass_block":1,"minecraft:grass":1},"minecraft:custom":{"minecraft:mob_kills":53,"minecraft:leave_game":3,"minecraft:time_since_death":31229,"minecraft:time_since_rest":31229,"minecraft:sprint_one_cm":5448,"minecraft:walk_one_cm":37393,"minecraft:damage_dealt":33823,"minecraft:swim_one_cm":19832,"minecraft:fly_one_cm":264149,"minecraft:crouch_one_cm":1869,"minecraft:play_time":31229,"minecraft:walk_under_water_one_cm":27487,"minecraft:sneak_time":752,"minecraft:jump":40,"minecraft:walk_on_water_one_cm":51,"minecraft:total_world_time":31229,"minecraft:fall_one_cm":209},"minecraft:killed":{"iceandfire:hippocampus":1,"iceandfire:myrmex_worker":2,"iceandfire:hippogryph":5,"aquamirae:maw":1,"iceandfire:cyclops":1,"minecraft:vindicator":1,"iceandfire:amphithere":1,"iceandfire:gorgon":1,"aquamirae:maze_mother":1,"aquamirae:captain_cornelia":1,"iceandfire:dread_beast":1,"aquamirae:tortured_soul":1,"iceandfire:stymphalian_bird":1,"iceandfire:cockatrice":1,"minecraft:sheep":1,"minecraft:pillager":2,"iceandfire:dread_knight":1,"minecraft:zombie":1,"iceandfire:dread_thrall":1,"iceandfire:dread_lich":1,"iceandfire:myrmex_soldier":1,"iceandfire:dread_horse":1,"iceandfire:fire_dragon":2,"aquamirae:spinefish":1,"iceandfire:siren":1,"aquamirae:anglerfish":1,"iceandfire:myrmex_royal":1,"aquamirae:eel":2,"iceandfire:ice_dragon":2,"minecraft:drowned":2,"iceandfire:pixie":1,"iceandfire:dread_ghoul":1,"iceandfire:deathworm":3,"iceandfire:stone_statue":1,"iceandfire:lightning_dragon":3,"iceandfire:dread_scuttler":2,"iceandfire:myrmex_sentinel":1,"iceandfire:sea_serpent":1}},"DataVersion":3465}